addressid,street,unit,city,state,zipcode,country
1,6930 Clark Manor,Apt. 429,Danaview,Washington,35273,USA
2,2733 Rodriguez Spur,Apt. 452,Youngstad,Kansas,67315,USA
3,68292 Lewis Turnpike,Suite 142,East Kaylaburgh,Michigan,70649,USA
4,988 Carrie Fork,Suite 229,North Seanport,Colorado,81280,USA
5,50422 Amy Forges,Apt. 359,West Gregoryberg,Oregon,39807,USA
6,04725 Payne Rapids,Suite 054,Griffinberg,Utah,11556,USA
7,0506 Keller Turnpike,Suite 438,North Danielville,Kansas,49068,USA
8,430 William Harbors,Apt. 123,Dawnshire,Alaska,65246,USA
9,6080 Hester Mission,Suite 630,East Stephaniefurt,Utah,61674,USA
10,605 Melanie Dale,Suite 382,North David,New Hampshire,57703,USA
11,368 Wilcox Haven,Apt. 798,Alimouth,Virginia,9126,USA
12,2878 Jonathan Springs,Apt. 466,Ericmouth,Alabama,97896,USA
13,932 Lawrence Track,Apt. 974,Millsmouth,Florida,93799,USA
14,67332 Johnson Wall,Suite 634,South Sandy,West Virginia,18765,USA
15,2380 Gregory Walks,Apt. 650,North Janetfort,Washington,83175,USA
16,690 Petty Ramp,Apt. 842,Leeton,Virginia,51982,USA
17,673 Elizabeth Ways,Apt. 205,North Sandratown,Michigan,13980,USA
18,0617 Ramirez Station,Suite 153,North Charles,Texas,71533,USA
19,3707 Johnston Neck,Apt. 498,South Jerry,West Virginia,83169,USA
20,42098 Donovan Mill,Apt. 907,East Kennethville,Kansas,95783,USA
21,77509 Brown View,Suite 529,Waltonberg,South Carolina,55792,USA
22,309 Hudson Mountain,Suite 053,New Jenniferview,Nebraska,52966,USA
23,988 Navarro Trace,Apt. 034,Briantown,Indiana,97109,USA
24,2036 Dustin Valleys,Suite 572,Kingberg,Michigan,1472,USA
25,7845 Jordan Port,Suite 613,Lake Melissa,California,4986,USA
26,7892 Jordan Points,Apt. 930,North Joshuaberg,Alaska,53551,USA
27,00662 Thomas Harbor,Apt. 783,Christopherfurt,Ohio,79554,USA
28,142 Roger Cliffs,Apt. 941,Lake Anthony,Nevada,31758,USA
29,816 Baird Manors,Apt. 621,East Robert,Illinois,14039,USA
30,2809 Ryan Port,Apt. 453,Johnsonberg,New York,41956,USA
31,21272 Miller Junction,Suite 953,Stephenview,Oklahoma,3553,USA
32,04709 Lauren Stream,Suite 208,Maynardbury,Nevada,27940,USA
33,1565 Victor Springs,Suite 742,South Steven,Arizona,28784,USA
34,339 Brandi Stream,Apt. 242,Castroport,Rhode Island,64279,USA
35,991 Jared Forge,Apt. 449,Jakeberg,Kansas,31383,USA
36,485 Jimenez Haven,Suite 352,New Wesley,Louisiana,86760,USA
37,396 Alexander Stravenue,Suite 523,Mathewsport,Vermont,66115,USA
38,52570 Bauer Village,Suite 528,East Perryburgh,Indiana,24639,USA
39,37728 Ashley Alley,Suite 823,Smithstad,Arizona,71721,USA
40,9984 Michael Port,Apt. 774,Delgadohaven,North Carolina,32139,USA
41,87394 Renee Courts,Suite 120,Perezton,New Mexico,23680,USA
42,83089 Beasley Road,Apt. 640,Stephenview,Kansas,50223,USA
43,1146 Justin Walks,Suite 053,Port Donald,South Carolina,56197,USA
44,5315 Lauren Ways,Apt. 651,Baileyville,New Hampshire,61885,USA
45,8189 Roger Dale,Suite 581,Thompsontown,Alabama,92857,USA
46,0807 Ross Gateway,Suite 680,Jameshaven,North Carolina,29968,USA
47,0437 Boyd Glens,Apt. 465,South Lisa,Mississippi,27356,USA
48,07207 Michael Brook,Apt. 518,Lowechester,Oklahoma,3434,USA
49,662 Camacho Cliff,Suite 864,Davisfurt,New York,4830,USA
50,1864 Downs Spur,Apt. 278,Joshuaview,Montana,78330,USA
51,90743 Brandon Flat,Apt. 457,West Scott,Nebraska,1693,USA
52,52759 Tracy Circles,Suite 277,Walterside,Arkansas,32066,USA
53,454 Henry Valleys,Suite 335,East Jefferytown,Minnesota,45914,USA
54,752 Floyd Gateway,Apt. 739,Port Michael,New Mexico,881,USA
55,366 Bryant Road,Apt. 491,Joshuaside,Mississippi,2805,USA
56,2136 Paul Radial,Apt. 745,South Samantha,Illinois,36036,USA
57,13552 Victor Expressway,Suite 810,North Taylorside,Rhode Island,58505,USA
58,163 Sonya Dam,Apt. 624,Samueltown,Mississippi,67733,USA
59,01929 Jeremy Pine,Suite 284,Nguyenbury,Iowa,4522,USA
60,19420 Fleming Lake,Suite 719,Lake Stacey,Montana,79474,USA
61,20495 Tammy Streets,Suite 867,Port Denise,Rhode Island,93160,USA
62,85884 Todd Road,Apt. 346,Meredithtown,Washington,44929,USA
63,250 Colin Landing,Apt. 135,Douglashaven,Massachusetts,25534,USA
64,290 Black Roads,Apt. 509,Cruzchester,Idaho,7814,USA
65,014 Nguyen Coves,Suite 604,Sandyfort,New Hampshire,99676,USA
66,621 Mark Shoal,Apt. 854,Millerstad,Wisconsin,73576,USA
67,256 Laura Skyway,Apt. 169,West Cindy,Nevada,78088,USA
68,500 Maria Causeway,Suite 850,South Marie,Kansas,21179,USA
69,4256 Joan Junctions,Suite 980,Port Laura,Oklahoma,45755,USA
70,5812 Francisco Inlet,Apt. 053,East Stephenview,California,24326,USA
71,0712 Anderson Underpass,Apt. 841,Port Joan,Kentucky,72461,USA
72,5607 Jeffrey Plaza,Suite 476,Jenniferview,Florida,95273,USA
73,92727 Jeff Circle,Suite 539,Andrewsport,Indiana,12781,USA
74,5499 Tran Junctions,Suite 381,Gonzalezmouth,Iowa,8329,USA
75,76385 Randy Mountain,Suite 718,Nashport,Maine,76579,USA
76,38907 John Canyon,Suite 260,Port Cindyside,Louisiana,46271,USA
77,7125 Chad Corner,Apt. 060,North Jeffery,Wisconsin,82871,USA
78,447 Edwin Tunnel,Suite 488,North Alisonton,South Carolina,72969,USA
79,552 Farmer Orchard,Apt. 972,Cassandramouth,North Dakota,21881,USA
80,71126 Andrew Light,Suite 090,Morrisonport,Ohio,53627,USA
81,18765 Mccann Island,Apt. 341,West Kimberlyfurt,Maine,78133,USA
82,60421 Tiffany Fields,Apt. 528,Davenportbury,Florida,16441,USA
83,674 Jennifer Expressway,Suite 342,Andersonshire,Oregon,48075,USA
84,55671 Merritt Lock,Suite 750,East Dylan,Nebraska,77118,USA
85,804 Randall Burgs,Suite 168,Michaelside,Alabama,99396,USA
86,19123 Schneider Mills,Apt. 048,Lake Timville,Iowa,91995,USA
87,108 Mills Island,Apt. 501,Danielfurt,Idaho,79776,USA
88,7177 Carter Fords,Suite 888,Port Ashley,Virginia,59478,USA
89,600 Thompson Mountain,Suite 509,Port Danielle,Pennsylvania,83786,USA
90,574 Sanchez Extension,Suite 929,Alyssaville,New York,54559,USA
91,1047 Don Skyway,Apt. 995,Murphyberg,Rhode Island,56638,USA
92,8712 Kenneth Parks,Suite 563,Port Melissaland,Virginia,22556,USA
93,9739 Ward Isle,Suite 129,West Sarah,Georgia,82821,USA
94,223 Ryan Springs,Apt. 431,Samuelfurt,Massachusetts,99002,USA
95,32162 Snow Prairie,Suite 339,New Anthony,Iowa,72711,USA
96,825 Yates Drive,Suite 754,New Jaclynbury,Colorado,50902,USA
97,29084 Reeves Mountain,Apt. 065,Kennethland,North Carolina,27806,USA
98,81393 Brian Loaf,Apt. 941,South Ashleybury,Maine,39633,USA
99,510 Carter Ford,Suite 231,Michaelburgh,Wyoming,93026,USA
100,099 Hernandez Way,Suite 011,New Kenneth,Pennsylvania,79803,USA