employee_id,specialization_area
81,Foreclosure Properties
97,Market Analysis
75,Luxury Properties
92,Real Estate Investment
96,Market Analysis
65,Market Analysis
47,Foreclosure Properties
92,Property Management
53,Commercial Sales
106,Foreclosure Properties
71,Commercial Sales
2,Luxury Properties
106,Foreclosure Properties
24,Commercial Sales
4,Real Estate Marketing
108,Foreclosure Properties
19,Luxury Properties
26,Foreclosure Properties
75,Luxury Properties
40,Foreclosure Properties
50,Commercial Sales
43,Property Management
75,Property Appraisal
109,Commercial Sales
67,Residential Sales
12,Rental Properties
67,Property Management
106,Real Estate Marketing
27,Market Analysis
113,Commercial Sales
54,Foreclosure Properties
66,Commercial Sales
49,Real Estate Investment
16,Property Management
2,Property Appraisal
60,Real Estate Marketing
54,Real Estate Investment
30,Luxury Properties
84,Real Estate Investment
38,Commercial Sales
28,Real Estate Marketing
25,Commercial Sales
96,Luxury Properties
10,Market Analysis
60,Real Estate Marketing
42,Market Analysis
40,Property Management
97,Property Management
77,Market Analysis
120,Property Management
