clientid,firstname,lastname,email,phonenumber,clienttype
1,Heather,Rivera,dianagaines@example.org,2037336132,Rent
2,Brittany,Lewis,fullermanuel@example.com,2673849322,Buy
3,Kyle,Dixon,hooddaniel@example.net,9548334735,Buy
4,Daniel,Parsons,wilsonronald@example.net,3547790347,Buy
5,Jeffrey,Russell,gonzalesbrian@example.com,7016571366,Rent
6,Christopher,Rogers,jonestina@example.com,6867296818,Buy
7,Michael,Moran,melissawells@example.org,8812248701,Buy
8,Craig,Tate,xcarlson@example.com,4747048302,Buy
9,Crystal,Fields,bakermary@example.org,5220500229,Sell
10,Joseph,Randolph,ramirezjeffrey@example.net,3462814458,Buy
11,William,Sheppard,nicholascrawford@example.net,0249078426,Rent
12,Joseph,Buckley,mcrane@example.org,2525508428,Sell
13,Angela,Mason,donald40@example.com,9267992239,Sell
14,Michelle,Hopkins,christina53@example.org,7539695424,Rent
15,Deanna,Dickerson,michael12@example.com,6625043644,Rent
16,Jade,Ramos,davidlivingston@example.net,6366812252,Buy
17,Corey,Macdonald,jamesbell@example.com,8605066924,Sell
18,Aaron,Maynard,leslie04@example.net,3158185373,Buy
19,Trevor,Daniels,diane52@example.com,0134850825,Buy
20,Lynn,Henderson,nathan67@example.com,3424222833,Buy
21,Jose,Moore,sperry@example.net,9563428050,Buy
22,Alex,Perez,imeza@example.com,4026240514,Rent
23,Martha,Perez,portermelissa@example.net,3116199451,Sell
24,Henry,Oconnor,ytaylor@example.com,7408597542,Rent
25,Michael,Gutierrez,christinahill@example.org,9384338001,Buy
26,Ryan,Smith,amorrow@example.net,9646230478,Rent
27,Lindsay,Meyer,nancywatson@example.org,7292390632,Rent
28,James,Smith,riceronald@example.org,3146159056,Sell
29,Lauren,Walker,christineguzman@example.com,2017465183,Rent
30,Kevin,Chapman,klara@example.net,2084249479,Rent
31,Matthew,Morton,wrightjohn@example.com,6803839897,Buy
32,Melissa,Williams,suzanne35@example.net,2642617260,Buy
33,Julia,Williams,rebeccajackson@example.org,7835837330,Rent
34,Joan,Lee,masseyvernon@example.com,7937732775,Sell
35,Eric,Reeves,umiller@example.com,3848847080,Rent
36,Isaiah,Webb,ohart@example.com,6649817681,Buy
37,Ryan,Peters,anthonysimmons@example.org,6789373188,Buy
38,Michael,Jimenez,nferguson@example.org,3024500932,Rent
39,Heather,Orozco,fchavez@example.net,4657773310,Buy
40,Cristina,Stevenson,austin33@example.org,5045334936,Sell
41,Amanda,Shaw,brookslarry@example.org,6549579596,Sell
42,Denise,Johnson,blairashlee@example.org,8369513269,Rent
43,Melinda,Frost,kellycraig@example.org,3827932946,Sell
44,Paul,Brooks,rrobinson@example.com,6837559974,Rent
45,Nina,Patel,diane98@example.org,5946441596,Buy
46,Danielle,Gibson,whiteamy@example.com,5794759706,Rent
47,Derek,Barker,jeffsmith@example.com,5334012019,Buy
48,Oscar,Lewis,ccisneros@example.org,8925151646,Sell
49,Maria,Fields,zmacdonald@example.com,1283259277,Rent
50,Ann,Schneider,kristenjenkins@example.com,5609426777,Sell
51,Pamela,Coleman,michealrios@example.org,3912207464,Buy
52,Lisa,Wolfe,karenwhite@example.org,7754673048,Sell
53,Jason,Jones,xmiller@example.org,1359243694,Sell
54,Stephen,Guzman,jeffreyadams@example.org,7257331729,Sell
55,Kyle,Ward,robertsjennifer@example.com,1307999850,Sell
56,Kayla,Church,tonyamathews@example.net,5488151539,Rent
57,Steven,Harrison,amanda70@example.com,2999801216,Sell
58,Erika,Vance,fmoore@example.net,6767434778,Buy
59,Tony,Spence,gjohnson@example.org,3659454929,Buy
60,Melissa,Christensen,spencerpamela@example.org,1399797793,Sell
61,Jill,Owens,garrettmark@example.net,7850157435,Buy
62,Brian,Crawford,lucaswolfe@example.com,7313498285,Buy
63,Joshua,Garcia,amy03@example.com,4127087829,Rent
64,Keith,Davis,torreschristopher@example.com,8385642683,Sell
65,William,Pena,christine97@example.net,3996746009,Sell
66,Joshua,Shaw,john09@example.org,3415380259,Rent
67,Carol,Davenport,rhawkins@example.org,9748011054,Sell
68,Thomas,Jacobson,tylerwilson@example.net,2953150045,Sell
69,John,Edwards,gbrown@example.net,8654302841,Buy
70,Nathan,Rodriguez,johnsonnicole@example.net,9048075972,Buy
71,Erika,Jimenez,imartin@example.org,1323467199,Rent
72,Melissa,Rogers,monica02@example.com,5985477953,Sell
73,Allison,Jackson,banderson@example.org,6497529436,Rent
74,Cassandra,Edwards,hollyhoward@example.net,3376898670,Sell
75,Matthew,Lane,woodsdorothy@example.com,3758511477,Rent
76,Francis,Munoz,zimmermanchristopher@example.com,2971067686,Sell
77,Shane,Washington,lauraschroeder@example.com,2340725321,Sell
78,Cathy,Pierce,eric08@example.net,1991039230,Rent
79,Stephanie,Ortiz,stricklandmark@example.org,9576322407,Sell
80,Rachel,Olsen,natasha68@example.org,5673349943,Buy
81,William,Washington,william90@example.com,3792323461,Rent
82,Jenny,Butler,rguzman@example.com,7151506802,Buy
83,Larry,Mccall,martinjeanne@example.com,7584728271,Rent
84,Alison,Cook,todd10@example.org,2604030361,Rent
85,Ian,Klein,michael85@example.org,8147741276,Rent
86,Amanda,Mccarthy,rachelgreene@example.org,5358563006,Sell
87,Scott,Garza,jeffrey16@example.net,0774443095,Buy
88,Michael,Johnson,ricardohowell@example.net,3036354928,Sell
89,Shannon,Jackson,cgomez@example.net,6090555675,Buy
90,Jennifer,Burns,jesse49@example.org,0126944775,Buy
91,Derrick,Maldonado,donnaanderson@example.net,0398694631,Sell
92,Nicholas,Warren,juanhawkins@example.com,8767491946,Rent
93,Joanne,Burgess,kevin56@example.org,3119826793,Sell
94,Andrea,Robinson,ghensley@example.net,9014849636,Rent
95,Leonard,Richardson,sberry@example.com,1887712905,Rent
96,Joseph,Gutierrez,tinarangel@example.com,4424616156,Buy
97,Steven,Carroll,osanchez@example.com,1018087903,Rent
98,Jason,Khan,andersonjohn@example.com,2916769274,Buy
99,Ann,Perkins,melaniesawyer@example.com,9307368119,Buy
100,Peter,Smith,wallacekatie@example.com,3866033825,Sell
101,Ashley,Smith,sharpdonald@example.com,4124586557,Rent
102,Stephen,Hill,ysimmons@example.net,3026813947,Buy
103,Jeffrey,Vincent,catherinewhite@example.com,1083771608,Buy
104,Jenna,Smith,lbates@example.org,7153855198,Sell
105,Renee,Johnson,stevenwilliamson@example.org,0788421079,Rent
106,Donald,Silva,shawn32@example.org,0534485493,Buy
107,Dustin,Fox,weisstimothy@example.net,4257768829,Buy
108,Sheila,Robinson,graytyler@example.com,3016910343,Rent
109,Brittany,Zuniga,norma59@example.net,9963015468,Buy
110,John,Edwards,deanna09@example.net,6419629940,Buy
111,Jason,Adams,samanthawest@example.com,0302373166,Rent
112,Denise,Rogers,vbarnes@example.net,4002411445,Buy
113,Evan,Quinn,calvin81@example.net,3599168040,Buy
114,Leah,Palmer,garciacaitlin@example.com,8759370166,Buy
115,Tony,Bell,vporter@example.net,3629788707,Sell
116,Christopher,Moore,theresa21@example.org,2891112490,Rent
117,Kellie,York,plee@example.com,8845770214,Buy
118,Jimmy,Evans,brian93@example.com,4435865461,Rent
119,Jason,Fisher,riddlevicki@example.org,9273395335,Rent
120,Samantha,Roy,kevincrosby@example.com,8537939693,Buy
121,Lauren,Yates,james77@example.org,5509016987,Buy
122,Bryan,Lewis,deanamber@example.org,6887584561,Rent
123,Daniel,Brown,johnsonjanice@example.org,9152185182,Sell
124,Cody,Robbins,aharris@example.net,6757676131,Buy
125,Heather,Christensen,laura60@example.org,9224141443,Sell
126,Alan,Garcia,lesliejohns@example.org,9963142215,Sell
127,Stacy,Clark,maddoxchristian@example.org,4128926071,Buy
128,Travis,Cabrera,oroberts@example.com,4402914204,Rent
129,Lisa,Duran,dthompson@example.org,6659740017,Sell
130,Kevin,Perkins,andersoncurtis@example.com,3093815300,Buy
131,David,Adams,laurenortiz@example.com,6452579815,Buy
132,Kelly,Tanner,jerrygarcia@example.com,3849164055,Buy
133,Philip,Guerra,flowersangela@example.net,7650269260,Rent
134,Cheryl,Clark,brianstewart@example.net,6699643224,Sell
135,Kathleen,Delgado,nobrien@example.com,6342788558,Rent
136,Christopher,Wiley,karijohnson@example.net,0551608015,Buy
137,Jennifer,Ward,nicole91@example.net,8675002833,Rent
138,William,Ray,catherinematthews@example.org,5592462467,Buy
139,Catherine,Fowler,edean@example.net,5678574574,Rent
140,Johnny,Ramirez,kmeyer@example.net,7807469390,Sell
141,Charles,Miller,ericsmith@example.org,0991434967,Rent
142,David,Randall,richcathy@example.org,6650684115,Sell
143,Scott,Freeman,ahendricks@example.org,5588456390,Buy
144,Dennis,Ramos,duranwilliam@example.net,5153209280,Sell
145,Robin,Sanders,donald95@example.net,4015342611,Sell
146,Destiny,Brown,nhenry@example.net,5189840394,Rent
147,Michael,Greene,tamaraevans@example.org,5856381036,Rent
148,Valerie,Smith,christopher78@example.org,0095491693,Rent
149,Joe,Mosley,jeremy72@example.com,7572991773,Rent
150,Carrie,Hoffman,harriselizabeth@example.com,6919108767,Sell
151,Jenna,Williams,mthompson@example.net,5617666622,Buy
152,Michelle,Marsh,brendanallen@example.org,3609383090,Rent
153,James,Stone,dsmith@example.com,5006297071,Sell
154,Samantha,Bonilla,gina88@example.org,2432104661,Buy
155,Joshua,Maxwell,snyderjeffrey@example.net,8343305820,Rent
156,Christopher,Martin,robertbishop@example.org,5929417561,Rent
157,Suzanne,Byrd,wilkersonjasmine@example.com,4239478627,Buy
158,Erin,Horn,newmanteresa@example.net,5308802802,Buy
159,Miranda,Phelps,jason29@example.com,7240983484,Sell
160,Daniel,Marquez,christopher52@example.org,9544861808,Rent
161,Robert,Hood,ddawson@example.net,5517161856,Buy
162,Corey,Brooks,simonsarah@example.com,3428717558,Sell
163,Gabriella,White,christinebarnett@example.org,8413893617,Rent
164,Amber,Escobar,victoria60@example.net,7020064205,Buy
165,Jeffrey,May,michaelellis@example.com,2126039734,Rent
166,Shannon,Mills,clarkejennifer@example.com,4627328439,Rent
167,Mary,Dunn,castillodonald@example.net,0495625197,Sell
168,Pamela,Johnson,zphillips@example.net,7035685942,Rent
169,Mia,Davis,bryanbrown@example.net,2428759090,Rent
170,Wayne,Watkins,ycarlson@example.org,8409656833,Buy
171,Carlos,Wilson,eelliott@example.net,7521550111,Buy
172,Colleen,Berg,michael59@example.com,8368500258,Buy
173,Amber,Gonzalez,jacobstewart@example.net,8586933987,Buy
174,Juan,Johnson,bryansmith@example.org,9102816827,Rent
175,George,Johnson,hayesangela@example.org,1225548968,Buy
176,Bradley,Romero,manncharles@example.net,3138618140,Sell
177,Jon,Smith,chelsea39@example.org,8043916783,Rent
178,Robert,Watson,woodzachary@example.org,9846732341,Buy
179,Michael,Wilson,christopherbell@example.net,4749276307,Buy
180,Margaret,Thompson,fosterandrea@example.org,5659935832,Buy
181,Jennifer,Mcbride,brad96@example.net,8828907661,Rent
182,Susan,Melton,hcoleman@example.org,4646870389,Buy
183,Laura,Harper,johnny25@example.net,1281850968,Buy
184,Jerry,Garcia,christine90@example.net,8056120184,Buy
185,Derek,Roberts,gonzalezdylan@example.org,6628982853,Rent
186,Vincent,Collins,lisabarrett@example.org,3213608022,Rent
187,Christie,Wilkinson,horndaniel@example.net,4945848423,Sell
188,Teresa,Ballard,chelsea73@example.com,3137698180,Buy
189,Jessica,Kelley,zcontreras@example.net,6708896205,Sell
190,Angelica,Miller,friedmananthony@example.com,5237496907,Rent
191,Erica,Ewing,schwartzbrian@example.com,4916343632,Sell
192,Austin,Cole,anne26@example.com,7292714055,Buy
193,Robin,Rodriguez,woodkristine@example.org,8742546270,Buy
194,John,Burns,jenkinsjohn@example.com,7929213069,Rent
195,Patricia,Clayton,opoole@example.com,7817647631,Sell
196,Spencer,Irwin,michaelrobinson@example.com,5555521478,Sell
197,Kevin,Miller,bvance@example.org,9902636766,Sell
198,Connor,Nelson,nicholasbaker@example.org,9604146735,Rent
199,Dana,Hicks,christina60@example.com,8638485311,Sell
200,Veronica,Gutierrez,joseph73@example.org,1833777532,Sell
201,Glenn,Hancock,nathancampbell@example.com,3072539725,Sell
202,Heather,Moore,cliffordadkins@example.com,5943990219,Rent
203,Corey,Dunn,jeffrey58@example.com,5587032278,Buy
204,Christina,George,fostermeagan@example.org,7235549852,Sell
205,Jamie,Olson,melanie28@example.org,2949153758,Buy
206,Vicki,Carpenter,sonyamoore@example.com,0760355192,Rent
207,Dawn,Kim,david90@example.org,5970714155,Buy
208,Brittany,Morgan,frank72@example.net,3205280668,Rent
209,Amanda,Anderson,jeremyjenkins@example.org,6713225444,Buy
210,Amy,Hardin,meredithdavis@example.org,9680485602,Sell
211,Christine,Perez,vcosta@example.com,4498817756,Rent
212,Michael,Barnes,gene39@example.com,8844372000,Rent
213,Ronald,Glover,heathhector@example.net,5234573655,Sell
214,Julie,Baldwin,mswanson@example.org,8682805308,Rent
215,Holly,Smith,justin28@example.org,8684679632,Buy
216,Michael,Evans,ywilliams@example.net,2081440052,Rent
217,Elizabeth,Wilson,raymondhill@example.com,0675100703,Sell
218,Christopher,Stewart,nnunez@example.net,0988367282,Sell
219,Alejandro,Larson,jamesvaughn@example.net,3996203420,Rent
220,Richard,Sutton,gonzalezsara@example.org,7926664947,Buy
221,Christopher,Smith,millerelijah@example.org,5802786298,Rent
222,Carolyn,Davis,vincent52@example.net,3474513375,Rent
223,Rachel,Martin,laurajenkins@example.com,9645634788,Buy
224,Katie,Myers,epace@example.net,4768240628,Rent
225,Andrew,Steele,wodom@example.com,0025360911,Rent
226,Mitchell,Griffin,ulong@example.com,3857715856,Rent
227,Kyle,Jackson,trose@example.org,6124252513,Rent
228,Melanie,Holt,jeffreydavis@example.com,8881143264,Sell
229,Jay,Shaw,anthony48@example.com,7278146377,Rent
230,Heather,Schmitt,lsmith@example.net,6902771641,Sell
231,Paula,Smith,tlee@example.com,0586488582,Rent
232,Rita,Thomas,denisehopkins@example.com,1253397607,Buy
233,Natalie,Yang,crystalhayden@example.com,8295283178,Rent
234,Amy,Olson,andrewmartin@example.org,2909932723,Sell
235,Theresa,Griffin,kthomas@example.org,2855000841,Buy
236,Amanda,Smith,petersongary@example.org,9472625098,Buy
237,Erik,Cowan,martingreene@example.com,4562081457,Sell
238,Tyler,Sullivan,martinezmary@example.com,9765204131,Buy
239,Heather,Brown,mperry@example.net,2264835280,Rent
240,Melanie,Torres,hsmith@example.org,9350956626,Buy
241,Jennifer,Jenkins,msmith@example.org,6448619308,Sell
242,Pamela,Scott,erica05@example.com,6069813381,Rent
243,Karen,Nunez,perezlinda@example.com,2823471921,Buy
244,Samuel,Snyder,davidrice@example.org,4735546786,Sell
245,Gregg,Zimmerman,dayamanda@example.org,4874445216,Buy
246,Adrienne,Lee,waynehaynes@example.net,3363913870,Rent
247,Jacqueline,Wilson,vanessa61@example.com,7096691125,Buy
248,Cheryl,Nicholson,stephanie54@example.org,5026941557,Buy
249,Jeffrey,Lawrence,martha39@example.com,2935036742,Rent
250,James,Hernandez,omccormick@example.net,1536773900,Rent
251,Jeffrey,Foster,michelle08@example.org,2733898002,Rent
252,Jonathan,Wilson,klane@example.com,2870526876,Rent
253,Courtney,Williams,matthewwilliams@example.net,3602080875,Buy
254,Sharon,White,nancy58@example.com,2752443391,Buy
255,Jessica,Young,jessicasingleton@example.com,7634155285,Buy
256,Christopher,Schwartz,ksmith@example.org,8717593787,Sell
257,Kristi,Middleton,millerkathleen@example.com,6748874800,Rent
258,Lori,Tran,samantha79@example.org,3599115655,Rent
259,Robert,Lewis,dhill@example.com,4580896055,Sell
260,Michael,Armstrong,wsampson@example.net,3149758693,Buy
261,Ronald,Kirk,douglascarter@example.net,5469068470,Rent
262,Tyler,Adams,brian97@example.net,6201743697,Sell
263,Donald,Potter,codykim@example.org,9476899825,Rent
264,Kerri,Turner,stewartmarissa@example.net,3872122850,Sell
265,Jo,Young,roymoore@example.net,4807447521,Rent
266,Kristen,Murphy,wallaceandrew@example.net,9552429220,Rent
267,Gary,Barron,kelly40@example.org,8829649467,Rent
268,Emily,Gray,millerbobby@example.net,4078784322,Sell
269,Angela,Conway,andrew78@example.org,6465536292,Buy
270,Christopher,Acosta,douglas97@example.net,0664189829,Buy
271,James,Anderson,ruiztammy@example.com,6882001991,Rent
272,Cassandra,Camacho,kimnicole@example.org,8822842243,Rent
273,Tammy,Strickland,gregorymcneil@example.org,8475936507,Sell
274,Julie,Jones,john59@example.com,2472488095,Sell
275,Michael,Browning,rthompson@example.org,5359412708,Sell
276,Joseph,Howe,davenportdeborah@example.com,8962992729,Buy
277,Justin,Ibarra,gwilliams@example.com,3522605169,Sell
278,James,Scott,brandon37@example.net,2450291272,Buy
279,Anthony,Wagner,gallegosadam@example.org,4765840221,Rent
280,Courtney,Chambers,emercado@example.org,9388942389,Sell
281,Robin,Deleon,sortiz@example.org,1152229843,Buy
282,Victor,Mendoza,jason27@example.com,9327379752,Sell
283,Jamie,Long,iyoung@example.net,3806011914,Rent
284,Dean,Edwards,spencerdennis@example.net,4352935509,Buy
285,Yvonne,Crosby,nelsonmarisa@example.org,6633777749,Rent
286,Vicki,Montes,robertortiz@example.org,7370250878,Sell
287,Marcus,Reid,williamskatelyn@example.com,3542168824,Rent
288,Jose,Jones,dfuentes@example.com,5174205849,Buy
289,Emily,Cox,stevensamanda@example.com,4249351859,Sell
290,Jesus,Horn,harveyjanice@example.com,8076171397,Buy
291,Joseph,Reyes,kellystone@example.net,8937897880,Rent
292,Tony,Mitchell,joy97@example.org,2233140061,Buy
293,Nicholas,Fisher,ygibson@example.net,7173992769,Rent
294,Sierra,Thornton,wgarcia@example.org,2436908568,Rent
295,Christopher,Griffin,gwilliams@example.com,2662563246,Rent
296,Katherine,Rodriguez,nmeyer@example.com,7064742270,Buy
297,Joseph,Nelson,fjohnson@example.net,6034671075,Buy
298,Matthew,Noble,gary90@example.net,7006200524,Rent
299,Christine,Nicholson,murrayandrew@example.com,5696722374,Rent
300,Steven,Ryan,jason58@example.com,5449966256,Buy
301,Cory,Holland,codymiller@example.com,2958423579,Sell
302,Mariah,Valentine,sduarte@example.org,0058153326,Rent
303,Andrew,Christian,david15@example.org,6898586820,Rent
304,Cathy,Murray,jillstevens@example.net,6551961329,Rent
305,Raven,Wright,ryanhernandez@example.org,8384966373,Buy
306,Debra,Moses,briannanorman@example.net,8316431939,Sell
307,Cameron,Stevens,crawfordmathew@example.org,9305553555,Sell
308,John,Singleton,brycewells@example.net,2798325496,Rent
309,Cathy,Gonzalez,mark02@example.net,0936427982,Rent
310,Megan,Smith,troy91@example.net,2258598616,Buy
311,Mario,Jones,christopher84@example.com,4995963937,Buy
312,Nicole,Blanchard,ubaker@example.net,4123844215,Buy
313,Cody,Warner,anna36@example.net,9525234725,Sell
314,Brad,Kaiser,jessicathompson@example.org,8093601413,Buy
315,Kevin,Bowen,juliechang@example.org,0698450532,Rent
316,Stephen,Walker,bellbrian@example.com,5189249018,Buy
317,David,Davis,philipgreen@example.org,7028840866,Sell
318,Richard,Wilson,tbenson@example.com,1079455215,Rent
319,Jody,Martin,lisaellison@example.net,4278682694,Buy
320,David,Walker,lparrish@example.org,3468514131,Rent
321,Angela,Pope,jeremy98@example.org,5239468910,Buy
322,John,Yang,tayloramy@example.com,7328124203,Rent
323,Vicki,Farley,stephanie50@example.com,3326118401,Buy
324,Patricia,Kramer,williamskayla@example.org,3925077679,Sell
325,Ryan,Bradley,dbanks@example.net,0355154376,Rent
326,Robert,Diaz,hooverjames@example.com,9582440514,Rent
327,Diana,Costa,carlanderson@example.net,0040206655,Rent
328,Jason,Kelly,ucalderon@example.org,4402912748,Rent
329,Maria,Blake,megan77@example.org,0006609377,Sell
330,Philip,Newton,ewallace@example.org,5915649050,Buy
331,Lauren,Morales,smithjerry@example.net,5527372720,Rent
332,Joseph,Thornton,bakerkyle@example.org,2159571015,Sell
333,Laura,Alvarez,hstark@example.org,9048454526,Buy
334,Rhonda,Long,amybridges@example.net,5103461286,Buy
335,Sheila,Levy,davenportveronica@example.com,3529666521,Sell
336,Kristina,Sloan,hannah84@example.org,2617377445,Sell
337,Pamela,White,bdunlap@example.org,3725393167,Sell
338,Sally,Mendez,dlewis@example.net,6368202295,Buy
339,Catherine,Mora,jonathanmason@example.com,3713778524,Sell
340,Crystal,Garcia,ashley19@example.net,9087274459,Rent
341,Victor,Rivas,christopher97@example.net,8788345547,Sell
342,Becky,Collins,baileydonald@example.com,6290788941,Rent
343,William,Grimes,amanda69@example.org,5322502519,Buy
344,Denise,Wilson,randy17@example.net,8742802040,Sell
345,Joy,Holland,christopher13@example.org,4005345900,Sell
346,Sally,Pennington,fduran@example.com,2267262118,Rent
347,David,Simpson,melissamcdonald@example.net,9490333259,Rent
348,Angela,Singleton,williamsmadeline@example.org,2550317242,Sell
349,Anthony,Schroeder,riverapaul@example.com,4062038174,Sell
350,Dalton,Elliott,shelby98@example.org,2433006289,Rent
351,Craig,Chang,millerkevin@example.net,3912659989,Rent
352,Catherine,Anderson,andrew57@example.net,5616797223,Buy
353,Stacey,Morales,katelynmcmahon@example.net,8102470067,Buy
354,David,Brown,suzanne56@example.net,6437433351,Sell
355,Kimberly,Dunn,sherihall@example.com,7713720153,Rent
356,Sara,Alvarado,michaelcarpenter@example.net,2918213268,Buy
357,Taylor,Brooks,bankscesar@example.com,5437776263,Sell
358,David,Mcintosh,eric79@example.org,4401219406,Rent
359,Melissa,Marshall,karen89@example.net,0780644759,Buy
360,Adam,Lee,robert61@example.org,4823304617,Rent
361,Brandon,Townsend,moorekendra@example.com,3607598593,Rent
362,Nancy,Foster,mark76@example.net,9953047554,Buy
363,Ryan,Chavez,elliottshannon@example.org,6569002973,Buy
364,Diana,Frank,ronnie73@example.com,6676156785,Rent
365,Todd,Garcia,rodriguezfrederick@example.org,4508904990,Rent
366,Jessica,Campbell,heather91@example.com,6703862698,Buy
367,Samuel,Rodriguez,yvonnejimenez@example.com,5368543123,Sell
368,Joshua,Kim,jonmeyer@example.net,9028894324,Rent
369,Richard,Palmer,phodges@example.com,5911312168,Rent
370,Michael,Bridges,maryholland@example.org,2989015892,Sell
371,Ryan,Ramirez,jesus19@example.org,7440898026,Sell
372,Matthew,Johnson,victor98@example.com,3286730148,Sell
373,Julia,Flores,williamcochran@example.com,4714230390,Sell
374,Jeffrey,Tran,davisrobert@example.org,2678584439,Rent
375,Jennifer,Klein,kirkjustin@example.net,8741659935,Rent
376,Amanda,Morris,aperry@example.org,8507517290,Buy
377,Carol,Myers,sherri85@example.net,1932036602,Sell
378,Christopher,Thompson,john90@example.net,8478077861,Sell
379,Emily,Orozco,tamara45@example.net,0371925123,Rent
380,Pamela,Roberts,morganmerritt@example.org,8064262101,Buy
381,Brandy,Ballard,bkim@example.org,9879601148,Buy
382,Joshua,Stewart,pharris@example.com,5622651672,Sell
383,Anne,Williams,mary55@example.com,4119141607,Buy
384,Nicole,Zimmerman,johnjones@example.org,0446757274,Sell
385,Kari,Stevens,diane83@example.com,7852683871,Buy
386,Barbara,Jordan,ricky70@example.org,4844434559,Buy
387,Lori,Flores,cameron16@example.org,3801624921,Rent
388,Rhonda,Pope,thomasrebecca@example.com,2905773823,Buy
389,Timothy,Gray,victoriasmith@example.net,5132588416,Buy
390,Michelle,Perkins,edwardstroy@example.org,6093286214,Sell
391,Jessica,Jacobs,janet01@example.org,2548064667,Rent
392,Adam,Cummings,jose19@example.com,8828502515,Rent
393,Gina,Owens,ncurtis@example.com,9696749706,Buy
394,Ronald,Sanchez,bookertiffany@example.net,3365718920,Buy
395,Kenneth,Washington,stephaniemcguire@example.net,8415846075,Sell
396,Lisa,Leonard,jennifer37@example.net,5641670772,Sell
397,Michael,Rodriguez,iprice@example.org,1867198493,Buy
398,Timothy,Green,menglish@example.net,9653082816,Rent
399,Gary,Trevino,virginia94@example.com,4510273142,Buy
400,Amanda,Johnson,jillianpace@example.com,9326534053,Buy
401,Jessica,Welch,wrodriguez@example.net,1430283515,Buy
402,Craig,Morgan,brian51@example.com,8034263155,Sell
403,Matthew,Horn,arios@example.com,8914651751,Rent
404,Rebecca,Fisher,jwalsh@example.com,4825299409,Sell
405,Jonathan,Wiley,martinezwilliam@example.org,4818065417,Buy
406,Rhonda,Larson,inavarro@example.com,1029476673,Buy
407,Carlos,Dean,evelynarroyo@example.com,1747491054,Sell
408,Regina,Montgomery,charles32@example.net,1433721369,Rent
409,Edward,Cohen,tmurray@example.net,1038325947,Rent
410,Laura,Cohen,charlesbenton@example.org,1221660842,Rent
411,Melissa,Flynn,wadestephen@example.org,6272364323,Rent
412,Chad,Warner,gabrielhess@example.com,3460853731,Buy
413,Deborah,Herrera,gabriellaballard@example.net,4527044266,Sell
414,Austin,Taylor,nealmichael@example.org,4473773905,Buy
415,Jeremy,Gray,christopher81@example.com,1131007220,Buy
416,Kirsten,Glass,dianekramer@example.com,9331588321,Buy
417,Joseph,Johnson,xcross@example.com,6193775519,Rent
418,Tonya,Osborn,robert89@example.net,9308523493,Sell
419,Erin,Martinez,donald67@example.com,3057171785,Sell
420,Mary,Booth,garciajoseph@example.com,9865572353,Rent
421,Paul,Haney,ellensteele@example.net,3813448302,Buy
422,Jeffrey,Beck,christophermills@example.org,3125826512,Sell
423,Jennifer,Porter,daniel46@example.com,6047990873,Rent
424,Lindsay,Lawson,jason49@example.org,5039781217,Buy
425,Jillian,Rangel,jermaine77@example.com,5874804876,Buy
426,Melanie,Valencia,bashley@example.com,2190967327,Sell
427,Alexandria,Martin,iweber@example.net,2747244777,Rent
428,Allison,Nelson,mary82@example.org,4344004436,Sell
429,Cheryl,Benjamin,jackson65@example.org,7026096702,Rent
430,William,Miller,joseph50@example.org,6767991323,Rent
431,Michael,Fowler,damon92@example.com,7209699247,Buy
432,Leslie,Young,leeramirez@example.org,9097961192,Sell
433,David,Bernard,kristen59@example.org,4197922501,Buy
434,Tamara,Mcclain,connorfields@example.org,4737841934,Sell
435,Andrea,Medina,whitetimothy@example.net,8003559905,Sell
436,Sandra,Jones,bradshaweric@example.com,2353405419,Rent
437,Jonathan,Patrick,natashathompson@example.com,2859332034,Rent
438,James,Wilson,jasonwhitaker@example.org,2011060996,Buy
439,Heather,Yates,dawn09@example.org,5028301153,Buy
440,Richard,Ortiz,mccormickeric@example.net,0488575250,Buy
441,Alyssa,Beck,bennettbrandon@example.org,6524788896,Sell
442,Laura,Foster,eric26@example.net,5847244493,Buy
443,Cynthia,Maxwell,jonesmarie@example.net,3218665951,Sell
444,Patricia,Bowman,iwilliams@example.org,8567442857,Buy
445,Dylan,Brown,friedmanregina@example.org,2209528594,Rent
446,William,Livingston,johnny86@example.org,2218213886,Rent
447,Jill,Larson,manningpatricia@example.net,9888767427,Rent
448,Tracy,Durham,david56@example.org,8360203973,Rent
449,Emily,King,wyatt00@example.org,1606274525,Sell
450,Michael,White,mooresusan@example.net,4749093097,Sell
451,Sharon,Morrison,seanhubbard@example.com,3627464158,Buy
452,Amy,Goodman,jonathanphillips@example.org,8138796885,Buy
453,Lauren,Wright,crystalgardner@example.com,3757692061,Sell
454,Larry,Washington,mark93@example.org,6163395884,Buy
455,Tracey,Lopez,howellcarlos@example.org,4055294669,Rent
456,Jennifer,Hawkins,naustin@example.net,6039768933,Buy
457,Samantha,Johnson,unichols@example.com,6348881687,Rent
458,Kevin,Ruiz,michaelwolf@example.com,7845420257,Buy
459,David,Potter,kevin50@example.net,4121380050,Buy
460,Daniel,Sutton,ingrammolly@example.com,2226273352,Rent
461,Breanna,Montoya,jramos@example.org,3704992397,Buy
462,Stephen,Jimenez,valerie73@example.org,8605363209,Buy
463,Daniel,Evans,lhammond@example.com,3223141622,Sell
464,Trevor,Briggs,hhester@example.org,7502039291,Buy
465,Jenny,Watson,umorris@example.net,4465639329,Sell
466,Charles,Thompson,frazierfelicia@example.net,1927415852,Sell
467,Andrew,Nguyen,jonathanlee@example.net,8942113945,Rent
468,Vanessa,Collins,qyoung@example.com,8193607090,Sell
469,Caroline,Stephens,ucarpenter@example.org,1037371923,Sell
470,Christian,Williams,kimberly22@example.com,2166843012,Buy
471,Garrett,Lewis,charlenechavez@example.com,2869893839,Rent
472,Luke,Raymond,hernandezwilliam@example.net,8383310052,Buy
473,Christina,Hughes,shelby60@example.net,8793842367,Sell
474,Melissa,Mcdowell,smithstephanie@example.net,9433473774,Sell
475,Bobby,Lawson,ingramjacqueline@example.com,2019600839,Buy
476,Kyle,Sheppard,ethanvaldez@example.net,1454523377,Rent
477,Brent,King,hgeorge@example.com,3472045668,Sell
478,Casey,Dickerson,gwillis@example.net,7253781490,Buy
479,Brandon,Nelson,bonillamanuel@example.com,9090499429,Buy
480,James,Edwards,palmerseth@example.com,7042564654,Sell
481,Megan,Collins,joshua38@example.org,5304921354,Rent
482,Renee,Sherman,lopezjennifer@example.org,8013848026,Sell
483,Douglas,Burke,alan06@example.com,9576368740,Buy
484,Mariah,Mullen,tyler21@example.org,4915096960,Sell
485,Patricia,Walters,tina82@example.org,6153151958,Rent
486,Jennifer,Hill,smithpatrick@example.org,9480767893,Buy
487,Alexander,Stein,mward@example.com,4909371778,Rent
488,Ryan,Johnson,jeffersonalan@example.com,0781007357,Rent
489,Andrea,Ortiz,weekswanda@example.org,2977775206,Rent
490,Kyle,Hamilton,christopher01@example.org,7022105916,Rent
491,Michelle,Torres,victoria60@example.net,2140738288,Rent
492,Jeffrey,Smith,whitebenjamin@example.org,4005754311,Buy
493,Amber,Lawson,kward@example.com,7423958089,Buy
494,Jennifer,Tucker,matthew31@example.org,2083428161,Rent
495,Karen,Cook,ingramhenry@example.org,6475881940,Rent
496,Dylan,Gibson,yrodgers@example.org,3696345950,Rent
497,Marcus,Moore,rromero@example.org,1718787314,Sell
498,Ricky,Olson,portermichelle@example.net,8676159021,Sell
499,Dennis,Lindsey,nicholegreene@example.net,8070822391,Sell
500,Nicole,Harris,barry34@example.org,6113014731,Buy
501,Fernando,Conner,mmurphy@example.com,3352681217,Buy
502,Roger,Phillips,gardnermeredith@example.com,3917112532,Buy
503,Barbara,Reynolds,cbrown@example.com,4643260820,Buy
504,Diana,Anderson,kimtodd@example.com,6161422159,Sell
505,Sara,Dixon,melanietorres@example.org,8979840690,Rent
506,Annette,Johnson,phart@example.com,6548428493,Rent
507,Randy,Nolan,hgrant@example.net,2314299865,Buy
508,Tina,Brown,mjordan@example.com,2577061191,Rent
509,William,Jordan,shirleycharles@example.com,9202531431,Buy
510,Janet,Carroll,tmiller@example.org,3787260839,Sell
511,Jo,James,scott89@example.com,6891433607,Sell
512,Melanie,Castaneda,katherine15@example.com,5554804324,Rent
513,Frank,Salas,melissamontoya@example.com,2412788793,Buy
514,Dawn,James,qhiggins@example.com,4068616573,Sell
515,Christopher,Hardy,sherry34@example.com,6222053571,Sell
516,Bradley,Price,freemanjohn@example.net,0009546466,Rent
517,Jean,Finley,sknight@example.org,7588012411,Rent
518,Robert,Barrett,michael80@example.org,2598185124,Rent
519,Theodore,Tanner,twashington@example.org,4951011962,Rent
520,Paige,Watson,ojohnson@example.net,9698906430,Rent
521,Amber,Lopez,sschwartz@example.org,9988124558,Rent
522,Sarah,Bartlett,marycohen@example.com,4047672938,Sell
523,Dave,Wagner,gibsonbenjamin@example.org,9398497566,Sell
524,Raymond,Nelson,newmanwilliam@example.org,5352373253,Buy
525,Heather,Wheeler,christine38@example.net,1439511101,Sell
526,Pamela,Henson,donald42@example.org,0400152527,Buy
527,John,Kelley,joshuacarlson@example.org,8550129256,Buy
528,Joshua,Roman,cgray@example.com,3458663941,Buy
529,Sharon,Bauer,dylanparker@example.net,5071674641,Sell
530,Joshua,Martinez,conniecampos@example.org,7051159493,Buy
531,Bryan,Kaufman,laura89@example.net,4077157221,Sell
532,Courtney,Brown,lstewart@example.org,5866060761,Sell
533,Stephanie,Lee,ttownsend@example.com,3036413221,Buy
534,Daniel,Carrillo,jmeadows@example.net,8143209805,Sell
535,Terri,Martinez,brookesanders@example.net,1950639949,Buy
536,Melissa,Craig,cartermelissa@example.org,3856239337,Buy
537,Tammy,Wilson,zcollins@example.org,6585593949,Buy
538,Matthew,French,kball@example.org,8096140900,Sell
539,Colton,Terrell,qperez@example.net,5886717708,Sell
540,Alyssa,Walker,doylescott@example.net,0500603885,Buy
541,Larry,Olson,qtrevino@example.net,7993388346,Buy
542,Gabriel,Joseph,dpeters@example.com,0455736295,Rent
543,Randy,Morgan,tkramer@example.org,4245778840,Sell
544,Curtis,Zimmerman,sydney93@example.org,5999698908,Buy
545,Nicole,Luna,matthew08@example.net,7247028751,Buy
546,Monica,Hodges,omorris@example.org,7881403120,Rent
547,Jessica,Smith,ann13@example.com,2792675173,Buy
548,Annette,Price,darren88@example.com,3085877324,Rent
549,Richard,Taylor,zhancock@example.org,7862712083,Rent
550,Lucas,Walker,craig75@example.org,1485426357,Buy
551,Jason,Thornton,gonzalescrystal@example.org,5678380783,Sell
552,William,Taylor,monique08@example.com,0383671007,Buy
553,Lisa,Williams,matthewballard@example.org,8392291579,Buy
554,Kevin,Cochran,william31@example.com,0620919799,Sell
555,George,Jackson,webstermichael@example.com,2911026505,Sell
556,Caroline,Ramsey,katherinegardner@example.com,7697422640,Buy
557,Heidi,Miller,creed@example.org,5144701623,Sell
558,Jeff,Moon,kylehaynes@example.net,3626304433,Rent
559,Christopher,Lutz,cruzcynthia@example.org,3472209342,Sell
560,Tyler,Jenkins,cisnerosjames@example.net,4745146062,Sell
561,Victoria,Valencia,briangordon@example.net,8388011009,Rent
562,Leslie,Phillips,denise29@example.net,2446900638,Sell
563,Angela,Gray,kennethlewis@example.net,8488402212,Rent
564,Katrina,Villanueva,nwade@example.net,7396753812,Buy
565,Jessica,Solis,ronald26@example.com,4928445836,Buy
566,Russell,Cruz,breannastephens@example.org,0312542047,Rent
567,Timothy,Gutierrez,flewis@example.org,7843934047,Rent
568,Dominique,Huff,elizabethdickerson@example.org,2229161379,Buy
569,Dustin,Ramsey,marciaclark@example.org,3660350588,Sell
570,Lisa,King,brandon68@example.net,2052155913,Sell
571,Kathryn,Ortiz,rhonda11@example.com,6912772195,Sell
572,Sydney,Fischer,tateashley@example.com,3378541300,Buy
573,Sharon,Padilla,josephstevens@example.com,4058200586,Sell
574,Michele,Fernandez,danieltanner@example.net,8918313604,Sell
575,Frank,Black,michaelsmith@example.org,9595421385,Sell
576,David,Garcia,elizabethwiggins@example.com,9247590058,Buy
577,Brandi,Wilson,heathersimon@example.com,3029248208,Buy
578,Mark,Cox,carmen79@example.com,0574057294,Rent
579,Lisa,Olson,cmaxwell@example.org,3781815095,Sell
580,Amy,Mcclain,gpowell@example.com,5760421930,Buy
581,Natasha,Christian,brian02@example.net,8872467891,Buy
582,Julia,Aguirre,evelynwoods@example.org,6455657512,Buy
583,David,Howard,qsanchez@example.com,9085529700,Sell
584,Carl,Garner,reiddawn@example.net,2255099903,Sell
585,Maria,Jacobson,lorettasmith@example.net,9575444628,Sell
586,Patrick,Owens,erinkim@example.com,8647500267,Rent
587,Jennifer,Obrien,amandavillegas@example.org,9347172448,Buy
588,Heather,Moyer,suarezronald@example.com,6203652688,Rent
589,Daniel,Salazar,iwilson@example.com,4599006033,Buy
590,Lisa,Contreras,melissacantu@example.net,3784560085,Buy
591,Stephanie,Scott,kevinstewart@example.net,2234611676,Buy
592,Gregg,Keller,droberts@example.org,9638114954,Buy
593,Luis,Wilson,victoriawang@example.com,6913761899,Sell
594,Peggy,Lee,figueroajessica@example.com,2674328491,Sell
595,Paul,Jordan,johnhall@example.org,1902310345,Buy
596,Andrew,Dickerson,grichards@example.org,8124426559,Sell
597,Joseph,Curry,brittany04@example.net,7089007053,Sell
598,Alison,Watkins,moralescheryl@example.com,7202561712,Sell
599,Ronnie,Macias,stephensnancy@example.com,5612169318,Rent
600,Steven,Campbell,davischristina@example.net,8514873526,Rent
601,Kayla,Mitchell,karen45@example.com,8368413906,Buy
602,Mary,Baldwin,melissa14@example.org,8223973287,Sell
603,James,Forbes,woneal@example.org,8682776301,Buy
604,Emily,Bennett,michelleross@example.org,7679683068,Sell
605,Timothy,Branch,lucasvargas@example.com,8222788966,Rent
606,Jason,Baker,yesenia63@example.net,8142372377,Rent
607,Seth,Brown,kboyd@example.org,1909816258,Sell
608,Tami,Raymond,ashley66@example.org,2138474347,Sell
609,Amanda,Lopez,wilcoxdonald@example.org,2768078800,Buy
610,Eric,Palmer,xcastillo@example.net,1881232968,Rent
611,Kathy,Bryant,velazquezjames@example.net,5193983448,Buy
612,Christina,Barber,ylopez@example.net,6005814177,Sell
613,Steven,Martinez,kara39@example.com,3396253129,Buy
614,Brent,Davis,kellyhumphrey@example.org,8158563232,Rent
615,Matthew,Lewis,emma67@example.com,9434308018,Rent
616,Tyler,Brooks,ffuller@example.com,2940488359,Sell
617,David,Walters,dmurphy@example.org,9067272217,Buy
618,Tara,Gonzalez,elijah41@example.com,2556530086,Sell
619,Lucas,Kramer,ykim@example.org,0385763659,Sell
620,Erin,Nelson,aromero@example.net,4605393156,Sell
621,Robin,Nguyen,jackson86@example.com,9349630318,Sell
622,Mary,Perez,tsims@example.org,3389961780,Sell
623,Andrew,Ramsey,rachel81@example.net,9747646149,Buy
624,Emily,Brown,edward69@example.net,9503168146,Sell
625,Betty,Ramirez,julielee@example.com,3410846078,Rent
626,Mark,Maldonado,bauertammy@example.com,2198370143,Rent
627,Tamara,Gutierrez,uschneider@example.com,2172150691,Rent
628,Maria,Reyes,nayers@example.com,5577317940,Buy
629,Julie,Donovan,daniel34@example.org,3861834285,Rent
630,Kristin,Jennings,wrichards@example.org,9445884875,Sell
631,Alexis,Price,blake05@example.com,4723134521,Sell
632,Lisa,Hernandez,lopezmatthew@example.org,2885655334,Rent
633,Rodney,Stanley,watkinsamanda@example.com,4007638104,Sell
634,Ann,Jacobs,matthewduke@example.org,3301396610,Buy
635,Erica,James,johnsnatasha@example.org,9897254164,Buy
636,Jennifer,Johnson,whitemark@example.com,6809146843,Buy
637,Christian,Coleman,wilsonwilliam@example.net,9418140336,Sell
638,Brian,Woods,amandawalsh@example.com,7073175369,Sell
639,Melissa,Miller,courtney20@example.com,6359474909,Rent
640,Brittany,Massey,cathyvaughan@example.net,7179398752,Buy
641,Yvette,Graham,brett27@example.net,2421025474,Sell
642,Laura,Lawson,theresahoover@example.com,2494285463,Rent
643,Joyce,Griffin,quinndawn@example.com,5109644530,Sell
644,Jordan,Johnson,holmesmichael@example.org,8225038985,Rent
645,Corey,Richardson,frenchjoseph@example.com,8892823150,Sell
646,Matthew,Young,bakerjessica@example.net,1387258305,Rent
647,Christina,Harmon,johnsondiana@example.net,5648630219,Sell
648,William,Mcconnell,dustin00@example.com,9896652202,Buy
649,Heather,Bell,anna09@example.net,0806645706,Buy
650,John,Williams,thomas95@example.net,3417402319,Buy
651,Daniel,Nelson,keithlauren@example.org,4040057668,Rent
652,Eric,Maldonado,ayersbenjamin@example.net,3806489071,Sell
653,Eduardo,Schneider,morgan39@example.com,9366299129,Rent
654,Christopher,Harris,churchjohn@example.com,7210487350,Sell
655,Matthew,Thomas,lindseymorgan@example.com,4657553943,Sell
656,Nicholas,Lambert,elizabeth52@example.net,3764099290,Buy
657,Natasha,Hahn,trevorsutton@example.net,1413284074,Buy
658,Sarah,Huff,yujeffrey@example.org,5095381789,Sell
659,Lauren,Ray,bartlettkenneth@example.net,9063197518,Buy
660,Tony,Smith,lisareese@example.com,0918370165,Rent
661,Sarah,Ritter,sclark@example.org,5981957167,Buy
662,Kayla,Rangel,colejuan@example.net,6979203162,Rent
663,Nancy,Woodward,johnny51@example.net,8646642617,Rent
664,Andrea,Miller,jchen@example.org,4976333956,Sell
665,Roberto,Barber,wgonzales@example.com,9689855067,Sell
666,Sandra,Lewis,parkerkevin@example.com,6414237077,Buy
667,Cameron,Hood,judy05@example.org,9873065835,Rent
668,Kelly,Cobb,flemingrandy@example.org,8282709817,Buy
669,Ashley,Martinez,umontgomery@example.net,3948511009,Sell
670,Theresa,Lee,harrisaaron@example.com,5473797374,Sell
671,Lisa,Marshall,douglasshaw@example.com,8000288796,Buy
672,Laura,Armstrong,robertsanders@example.net,2597912018,Buy
673,Gail,Burnett,clairewarner@example.com,4570853532,Buy
674,Suzanne,Peters,laurie49@example.net,9857315973,Sell
675,Meghan,Jones,ebutler@example.net,9125365494,Rent
676,Brian,Turner,joncarr@example.com,8125432706,Rent
677,Cassandra,Roberts,michaelortega@example.com,5986725780,Rent
678,Denise,Miller,rowemartin@example.com,2839653835,Sell
679,Derek,Vega,curtis71@example.org,3567057735,Sell
680,Angela,Crosby,christopher94@example.org,5683590307,Buy
681,Edwin,Hartman,vchambers@example.org,4647738658,Rent
682,Michelle,Jones,james03@example.net,6009375666,Buy
683,Bonnie,Ayers,iwelch@example.net,6836366830,Rent
684,Charles,Warren,oatkinson@example.org,2066007515,Sell
685,Brandon,Nolan,qhoward@example.org,5638917813,Sell
686,Robert,Welch,sandra53@example.com,4964236687,Rent
687,Jonathan,Dawson,emilyrodriguez@example.org,0429416547,Buy
688,Eric,Wu,watsonmichael@example.com,9745385330,Sell
689,Megan,Williams,nprice@example.org,9268530625,Buy
690,George,Santos,ybutler@example.net,6998577987,Buy
691,Kathy,Porter,strongchristopher@example.com,7453463321,Rent
692,Anthony,Hanson,devonwhitehead@example.com,4222392431,Rent
693,Eric,Sanchez,adriana13@example.org,4844618969,Rent
694,Victoria,Lawrence,sarah94@example.com,4115307257,Rent
695,Katherine,Davis,karen80@example.org,1004642383,Sell
696,Megan,Myers,jcarney@example.org,2905706735,Buy
697,Ashley,Jensen,katie22@example.com,4591196734,Buy
698,Tammy,Mitchell,matthewwilliamson@example.net,9493664451,Buy
699,Jeff,Hughes,zgonzalez@example.com,8655460901,Sell
700,Jeremy,Brandt,briankennedy@example.net,5920752881,Rent
701,Matthew,Howell,christopher11@example.com,8102554065,Rent
702,Alan,Alvarez,crystalsullivan@example.net,3472346977,Sell
703,Tracy,Dawson,langalexis@example.org,7414280498,Buy
704,Sarah,Roberts,rogersangela@example.org,3632820492,Rent
705,Douglas,Jones,eyoung@example.net,7716233385,Buy
706,Edwin,George,jason03@example.net,4004584591,Sell
707,Lisa,Melton,jeffrey63@example.com,9684337738,Buy
708,Makayla,Hubbard,anthony53@example.net,9586270600,Rent
709,Michael,Lam,zchristian@example.com,9437038452,Sell
710,Patricia,Hart,burnettsarah@example.com,1722028916,Sell
711,Joshua,Johnson,michael52@example.net,8856672588,Buy
712,Wendy,Snyder,sruiz@example.net,6317729253,Rent
713,Heather,Bender,xmccoy@example.com,4281298953,Rent
714,John,Holt,terrymcintosh@example.org,9832674451,Buy
715,Brent,Webb,lindaroy@example.net,6529325479,Rent
716,Timothy,Banks,charlesjones@example.com,1660381237,Rent
717,Michael,Manning,hschaefer@example.net,7361673340,Rent
718,Tiffany,Harris,tjackson@example.net,3253691959,Buy
719,Rebecca,Daniels,russellwallace@example.com,8925104654,Buy
720,Randall,Dougherty,jasonbaker@example.com,6070465183,Rent
721,Monica,Decker,jennifergraham@example.net,2755625775,Rent
722,Richard,Kim,william25@example.com,4448984576,Sell
723,Charles,Johnson,longkaren@example.org,9428034099,Buy
724,Diane,Wallace,thompsonshannon@example.com,8711195122,Sell
725,Connor,Vega,lewisjermaine@example.com,1905770497,Buy
726,Brittney,Jones,amberbell@example.org,7590685026,Rent
727,Joann,Wong,jose18@example.com,2604171705,Buy
728,Aaron,Russell,colemary@example.net,4848430493,Buy
729,Travis,Arnold,beckerkaren@example.net,5625015226,Buy
730,Colton,Diaz,michael23@example.org,6552640524,Buy
731,Sierra,Ramos,joshuahamilton@example.net,3347595078,Rent
732,Daniel,Hart,victoria06@example.org,1056643390,Sell
733,Heather,Gray,richarddoyle@example.org,3316809625,Rent
734,Gregory,Oneill,morganrebecca@example.com,3545492389,Rent
735,Sharon,Gutierrez,ikaufman@example.org,6526942250,Rent
736,Kayla,Hatfield,glassbradley@example.org,1819226205,Buy
737,Kelly,White,taylormeredith@example.net,4009402672,Rent
738,Elizabeth,Bennett,jamesvasquez@example.net,7332770303,Sell
739,Aimee,Stuart,johnstonjose@example.com,9369920820,Buy
740,Jonathan,Gillespie,priscillalewis@example.org,1758107126,Sell
741,Richard,Green,kristamoore@example.com,5565886475,Buy
742,Tracey,Tyler,robinobrien@example.org,7505491322,Buy
743,Zachary,Cunningham,kristin66@example.net,6344436113,Sell
744,Courtney,Padilla,jroach@example.net,9205999228,Sell
745,Deborah,Aguirre,zdouglas@example.org,2189431793,Sell
746,Billy,Hall,laura40@example.org,8358840460,Sell
747,George,Smith,osims@example.org,4425602420,Sell
748,Patrick,Hughes,gturner@example.org,5835479587,Rent
749,Brandon,Berg,judy70@example.org,4469287381,Buy
750,Andrew,Mcmillan,wcox@example.org,5588942675,Sell
751,Jason,Lee,hernandezterri@example.net,3099272057,Buy
752,Kevin,Gilbert,mary62@example.com,0569651068,Sell
753,Brian,Richards,jeremy51@example.org,7303661965,Buy
754,Michael,Watkins,sara85@example.com,2258047244,Rent
755,Kyle,Oliver,davisronald@example.com,3402233734,Rent
756,Brenda,Johnson,richardherring@example.com,3779651395,Sell
757,Shawn,Harrington,nroberts@example.com,8517102054,Rent
758,Stephanie,Reed,mwilson@example.org,6271211915,Rent
759,Amy,Jackson,chavezmaria@example.org,0181296452,Buy
760,Joe,Walker,qnelson@example.org,6883958709,Rent
761,Shaun,Norton,garybryant@example.net,5889314820,Rent
762,Robert,Owens,corywright@example.net,3743948313,Rent
763,Ashley,Craig,travis44@example.org,5752907279,Buy
764,Jeremy,Schwartz,stephen83@example.com,6228237278,Sell
765,Tara,Miller,kellywright@example.com,7468647287,Rent
766,Lisa,Patton,lori31@example.org,8564762449,Sell
767,Charles,Hawkins,mooreandrea@example.org,6262817127,Buy
768,Kyle,Mason,cartermelissa@example.net,0684638457,Buy
769,Carol,Schmitt,christopherdavis@example.org,2394132756,Buy
770,James,Holland,michael50@example.net,5516271419,Rent
771,Sharon,Washington,tiffany70@example.net,6255065771,Rent
772,Jessica,Mcfarland,wmedina@example.org,8758041298,Buy
773,Kathleen,Walton,nicholsmichael@example.net,8592365245,Rent
774,James,Shaw,felicia27@example.org,4271112013,Sell
775,Troy,Davis,ebony36@example.net,5858338463,Buy
776,Christopher,Nichols,walkermichael@example.org,8245178199,Buy
777,Hannah,Johnson,gomezroberto@example.net,7498936567,Rent
778,Christopher,Cameron,royramirez@example.com,7169597070,Buy
779,Earl,Hall,vswanson@example.org,5721187904,Buy
780,Elizabeth,Robinson,zhancock@example.net,1512565828,Sell
781,Anthony,Mercer,thomasjulie@example.net,7220126355,Rent
782,Lisa,Dunn,duffyamy@example.com,8412836345,Buy
783,Virginia,Zhang,daniel53@example.com,6829416635,Buy
784,Kelly,Keller,bgarza@example.net,9057573311,Rent
785,Daniel,Shepherd,dbrown@example.com,6348227392,Sell
786,Elizabeth,Erickson,gtorres@example.org,5092420601,Buy
787,Bethany,Parker,dyoung@example.com,1162158832,Buy
788,Paige,Watson,jadams@example.org,8922326267,Rent
789,Anthony,Ramsey,anthony82@example.org,9830534789,Rent
790,Thomas,Lambert,jonathananderson@example.net,5804333063,Buy
791,Angela,Ingram,jeffreyhanson@example.org,8724452927,Rent
792,Latoya,Roman,michael46@example.net,4040814927,Rent
793,Brian,Alexander,xkelly@example.net,8922316464,Buy
794,Anthony,Blackwell,yjones@example.com,3129173266,Sell
795,Krystal,Alexander,drogers@example.com,9767836635,Buy
796,Michelle,Barron,johnsonnicole@example.com,2996021078,Rent
797,Cynthia,Baker,jodicox@example.net,7449366681,Buy
798,Daniel,Weeks,craigphillip@example.org,2530965758,Buy
799,Anna,Holloway,jonathanrussell@example.org,2450858851,Rent
800,Nicholas,Garcia,sbrown@example.net,4795892640,Sell
801,Timothy,Taylor,fstewart@example.net,5837497558,Sell
802,Vincent,Jordan,melanie52@example.com,4804399739,Rent
803,Rachel,Woods,kathysantos@example.com,5872816354,Buy
804,Susan,Phillips,christopherdavis@example.com,5833370400,Buy
805,Justin,Woods,hardingstephen@example.org,9786438163,Sell
806,Daniel,Mathis,erica91@example.net,6653275039,Sell
807,George,Watts,shelby03@example.net,1853264662,Rent
808,Tyler,Joseph,xmolina@example.net,4059359028,Rent
809,Nicole,Roberts,gonzaleztina@example.com,9404085011,Buy
810,Lindsey,Dunlap,sullivanbrian@example.com,2854945177,Sell
811,Rebecca,Harris,warrenthomas@example.org,6768312959,Buy
812,Michael,Madden,sabrinablake@example.org,3365149920,Sell
813,Jacqueline,Coleman,shelly72@example.net,5446378672,Sell
814,Jeremy,Webb,gmiles@example.net,9921530934,Rent
815,Charles,Bush,gary27@example.net,8837812180,Buy
816,Ariel,Holland,johnparks@example.com,5019352201,Buy
817,Adam,Reeves,csmith@example.net,7586322392,Sell
818,Anna,Watson,laura92@example.org,4782450070,Sell
819,Lisa,Norman,madisonkennedy@example.com,1363153091,Sell
820,Dennis,Carter,melendezsheila@example.com,8936176811,Sell
821,Lisa,Proctor,rayelizabeth@example.org,7243981548,Sell
822,Matthew,Bean,melendezwesley@example.org,0620238780,Rent
823,Michael,Koch,davisjacob@example.org,9908818217,Sell
824,Donna,Snyder,christopherparker@example.com,3876916792,Rent
825,Omar,Pratt,evanskelly@example.com,8848614487,Sell
826,Lori,Burke,jessica25@example.com,7343208476,Rent
827,Cody,Briggs,robindavis@example.com,8976474149,Sell
828,Edward,Clarke,brent55@example.com,4609546953,Rent
829,Lance,Walker,catherine73@example.net,8172987186,Sell
830,Kenneth,Johnston,cnelson@example.com,5335456599,Rent
831,Kelly,Valencia,kimrachel@example.net,0852864682,Rent
832,Susan,Robinson,omitchell@example.org,7459022159,Buy
833,Eric,Rowland,thomashudson@example.org,7265352456,Sell
834,Anthony,Jones,sherrigarrett@example.com,3968831365,Buy
835,Danielle,Garcia,caitlynrivera@example.org,1917340891,Rent
836,Edward,Burns,buchananmartin@example.com,5555428243,Rent
837,Stephen,Smith,imorse@example.net,2932221396,Sell
838,Zachary,Stewart,jonesmegan@example.com,8097748697,Buy
839,Alexis,Gibson,jamesgill@example.org,3183915574,Rent
840,Linda,Mcgee,christina73@example.com,9342702185,Buy
841,Monica,Smith,edean@example.org,4168603860,Buy
842,Ryan,Schwartz,sharonrose@example.com,6539305873,Rent
843,Jeffrey,Mahoney,bwilliams@example.com,4066150708,Buy
844,Dawn,Perry,paul76@example.org,2296857924,Rent
845,Nancy,Lewis,alice59@example.com,6059550773,Buy
846,Meghan,Walton,mcneilashley@example.com,5244684387,Buy
847,Brittany,Johnson,isabel27@example.net,9985634903,Sell
848,John,Miller,ochoawilliam@example.com,6287738702,Buy
849,Tracey,Suarez,carlbrewer@example.net,7086427326,Sell
850,Taylor,Drake,richardthomas@example.com,8348326192,Sell
851,Dana,Hernandez,bmoon@example.net,5887644394,Sell
852,Rebekah,Perez,wjohnson@example.org,5789985392,Buy
853,Anthony,Jones,olsensandra@example.net,7223738350,Sell
854,Brittany,Mayer,rnelson@example.org,5545248678,Buy
855,David,Thompson,bradley23@example.net,7435584899,Sell
856,Valerie,Edwards,greg08@example.com,5327646064,Buy
857,Peter,Haynes,morganjoann@example.net,8804299128,Rent
858,Daniel,Johnson,maria67@example.net,7142608866,Rent
859,Rebecca,Walker,sfisher@example.net,7309881320,Rent
860,Jerry,Hamilton,vpruitt@example.net,7739190577,Rent
861,Carly,Wallace,lewisdustin@example.com,3309806799,Rent
862,Paul,Bradley,amberdiaz@example.net,2512922820,Sell
863,Linda,Cooper,beth60@example.com,0977250650,Sell
864,Juan,Singleton,pthompson@example.com,7058124602,Sell
865,Stephen,Johnson,joseph83@example.org,0009897504,Rent
866,Kimberly,Sanchez,pattersonsteven@example.com,8862988138,Buy
867,Nichole,Collins,allentina@example.com,9421118297,Buy
868,Amy,Haynes,hjackson@example.org,4854437037,Rent
869,Matthew,Love,rgonzalez@example.com,7607831939,Buy
870,Emily,Abbott,justin32@example.net,9784973315,Sell
871,Kevin,Riley,nmcintyre@example.org,9534569884,Sell
872,Lucas,Ferguson,thomas18@example.org,6502138896,Sell
873,Mark,Phillips,mmoore@example.net,4511965199,Sell
874,Keith,Johnson,maureensmith@example.net,6193419984,Buy
875,Theresa,Aguirre,michaelquinn@example.com,9587457061,Buy
876,Kristine,Johnson,waterssusan@example.com,3993286957,Sell
877,Regina,Jacobson,bernard35@example.net,7068288383,Rent
878,Matthew,Gordon,samanthamorris@example.net,7444037511,Rent
879,Charles,Thomas,mooresylvia@example.org,5627272312,Sell
880,Lisa,Rogers,bgarner@example.net,9942677835,Buy
881,James,Mendoza,colleen60@example.com,6677102384,Rent
882,Kayla,Mathis,justin77@example.com,2327796652,Buy
883,Nathan,Vega,kcuevas@example.com,3665207827,Sell
884,Mason,Palmer,hooperkaren@example.org,6273046354,Sell
885,Rachel,Hendrix,edwincollins@example.org,6242701065,Sell
886,Ronald,Mccormick,xtorres@example.net,2479150701,Buy
887,Ashley,Alvarez,kimjanet@example.org,4634129706,Buy
888,Andrew,Smith,olsonsamantha@example.net,3119134420,Buy
889,Traci,Cohen,ejohnson@example.org,5510133081,Buy
890,Pamela,Johnson,spencerkenneth@example.org,3909759476,Sell
891,Pamela,Barnes,obutler@example.com,6701664575,Rent
892,Noah,Hancock,joshuayang@example.org,4115874299,Sell
893,Timothy,Lee,heathercrawford@example.net,6463290521,Buy
894,Lauren,Thompson,taylorpatterson@example.com,3539420890,Rent
895,Daniel,Luna,richardsonrodney@example.org,4031570343,Buy
896,Rebecca,Hart,gregorymary@example.net,0868827994,Buy
897,Nathan,Hines,kellymartin@example.org,9290505474,Rent
898,Teresa,Clark,gutierrezchelsea@example.com,7040974673,Sell
899,Adam,Keith,edwardhaynes@example.com,2529860431,Buy
900,Janice,Walker,morsealicia@example.net,3074162024,Sell
901,Samantha,Hamilton,robertdiaz@example.net,8047554536,Sell
902,Crystal,Evans,russell20@example.com,9961666474,Buy
903,Mario,Nunez,hughesmarcus@example.com,8327780177,Rent
904,Raymond,Dunn,bradysarah@example.org,3065254817,Sell
905,Carla,Miller,imyers@example.net,9803259352,Buy
906,Robin,White,rowetammy@example.com,2025084460,Sell
907,Amy,Dunn,sydneybarnes@example.org,3666508572,Buy
908,Joshua,Brewer,fwarren@example.org,5798716051,Buy
909,Yolanda,Barker,malonecolton@example.net,2667048494,Sell
910,Mark,Garcia,samuel04@example.org,5396420331,Sell
911,Tiffany,Griffin,ngonzalez@example.com,6500180536,Sell
912,Justin,White,ynunez@example.net,9893228940,Buy
913,Joseph,Massey,smithandrew@example.net,6423627066,Buy
914,Nathaniel,Guzman,autumn81@example.net,8547167859,Rent
915,Juan,Merritt,william43@example.net,8195027639,Rent
916,Brittany,Norris,rhondaclark@example.com,0099352490,Sell
917,Kim,Anderson,margaretgonzales@example.com,5447807007,Buy
918,Wendy,Murphy,karimiller@example.com,1689967641,Buy
919,Justin,Mcdaniel,dawn82@example.org,3235191943,Buy
920,Melvin,Sanders,geoffrey01@example.com,7820873196,Buy
921,Clarence,Wu,hardinteresa@example.com,5221737470,Buy
922,Laura,Boyer,dustin58@example.com,9228519798,Sell
923,Gregory,Hunter,sandraperez@example.net,2525531901,Buy
924,Renee,Lin,wduncan@example.net,3361654460,Buy
925,Robin,Golden,kkennedy@example.com,2979366974,Buy
926,Mario,Garcia,chuber@example.com,5926540321,Sell
927,Jeffrey,Brown,mbarr@example.org,2303023954,Sell
928,Erin,Stevens,jasonperez@example.com,7096291525,Buy
929,Amanda,Pollard,edwin34@example.net,2387627455,Sell
930,Alicia,Duarte,victoriajones@example.org,2269842330,Rent
931,James,Mosley,jason09@example.org,5228208378,Sell
932,Jessica,Vance,rasmussenamanda@example.com,7130133198,Sell
933,Caleb,Lee,stephanienorris@example.net,4083520643,Rent
934,John,Caldwell,townsendjerry@example.net,5194626573,Buy
935,Chris,Shannon,mary62@example.net,6903413781,Rent
936,Lisa,Brewer,wwright@example.net,9680697340,Rent
937,Kayla,Benton,alexisabbott@example.com,6914590784,Sell
938,Jody,Mckinney,vargasmariah@example.net,6154106910,Sell
939,Matthew,Pierce,thomas21@example.org,5145899084,Buy
940,Keith,Gutierrez,kelleyphilip@example.net,8422333073,Rent
941,Brian,Williams,tiffany30@example.com,8686198320,Buy
942,Paul,Williams,taracox@example.com,2723857102,Rent
943,Sandra,Stephens,torresdavid@example.net,8081248730,Buy
944,David,Lewis,donald40@example.net,8452021249,Rent
945,John,Robles,jamesshannon@example.com,5601477656,Rent
946,Robert,Michael,allenmichael@example.net,8396880832,Buy
947,Allen,Bernard,ricky43@example.com,3008085848,Buy
948,Jeremy,Johnson,wtaylor@example.com,2655844443,Rent
949,Sara,Harris,kmarquez@example.com,0660220183,Buy
950,Catherine,Singleton,cynthiamartin@example.org,9308192309,Sell
951,Jonathan,Li,lewisdalton@example.org,4952759536,Buy
952,Susan,Vincent,mallen@example.net,7563104212,Rent
953,David,Patel,monique16@example.com,3848546348,Rent
954,Katelyn,Medina,xcampbell@example.org,6912318900,Rent
955,Jessica,Williams,jeffrey55@example.net,9527476855,Rent
956,Morgan,Brown,danielle87@example.org,8679055864,Sell
957,Carolyn,Turner,millerjames@example.net,6257238813,Rent
958,Lisa,Thomas,xthomas@example.net,9055234990,Rent
959,Sherry,Vasquez,kathleen76@example.net,3357060679,Buy
960,John,Barrett,anthonydalton@example.net,5650684137,Sell
961,Adam,Hamilton,jacob55@example.net,4793168850,Sell
962,Steven,Nguyen,saundersdavid@example.net,1077724308,Rent
963,Rachael,Becker,lbrewer@example.net,1160274261,Buy
964,Christina,Guerrero,scott51@example.com,3743555477,Sell
965,Benjamin,Decker,jenniferpineda@example.net,7695401441,Sell
966,Paul,Rojas,jimenezjennifer@example.com,0369454752,Sell
967,Elaine,Walton,perezdonna@example.net,8563078897,Buy
968,Emily,Payne,christina58@example.net,9094803555,Rent
969,Virginia,Barber,jasminelee@example.org,9598818834,Sell
970,Melinda,Norton,phall@example.com,8729195897,Rent
971,Katherine,Compton,melindahunter@example.com,8028207013,Sell
972,Melinda,Rodriguez,lfitzpatrick@example.com,2962549177,Rent
973,Tina,Daniel,juliewells@example.com,7669296468,Buy
974,Oscar,Lewis,glawson@example.com,4867885191,Sell
975,Ann,Maldonado,ramirezmargaret@example.net,8449682402,Sell
976,John,Dickson,christineford@example.com,5181133612,Sell
977,Alexis,Larsen,jwhite@example.org,3767120212,Rent
978,Omar,Waters,olewis@example.org,2111782949,Rent
979,Erika,Nguyen,jwatkins@example.com,5828496118,Sell
980,Andrew,Alvarado,angela78@example.org,5662794777,Sell
981,Nathan,Pierce,daniel32@example.org,4820764018,Sell
982,Jessica,Terrell,dillonjason@example.net,7221858961,Rent
983,Paul,Sandoval,douglas30@example.net,4762763020,Buy
984,Paul,Hill,phillip07@example.org,4385778041,Rent
985,Christina,Robertson,poolemarie@example.net,5602604256,Rent
986,Craig,Hernandez,daniel75@example.com,6335840475,Sell
987,Carol,Mullins,davidgray@example.com,0240492702,Buy
988,Cody,Huynh,jgonzales@example.net,7517057756,Rent
989,Holly,Powell,tammy69@example.com,8306197264,Sell
990,Stephen,Craig,kennethgilbert@example.com,8311687299,Sell
991,Tammy,Chapman,zpatrick@example.net,8589391309,Sell
992,Tammy,Johnson,dianagilmore@example.com,1715177719,Rent
993,Joshua,Finley,thomasmcdowell@example.com,2700579086,Buy
994,Christine,Shaw,hbailey@example.org,6630575159,Sell
995,Bonnie,Farrell,connerdamon@example.org,3274348802,Buy
996,Belinda,Mcclain,pjackson@example.org,2339396946,Sell
997,Lori,Horton,aperry@example.org,5993843498,Buy
998,Jerry,Baker,sean68@example.net,0899615047,Buy
999,David,Murphy,bradleymclean@example.net,8549156461,Buy
1000,Anthony,Leblanc,melissamcneil@example.org,2829588687,Rent