openhouseid,homeid,date,starttime,endtime,notes
1,66,2022-05-29,3:15 PM,8:15 PM,Story different wrong off or.
2,79,2022-09-06,4:06 PM,9:06 PM,Until run leg represent person.
3,37,2023-03-26,11:58 PM,4:58 AM,
4,99,2023-06-12,5:19 AM,10:19 AM,
5,31,2023-05-07,6:51 PM,11:51 PM,
6,59,2021-09-23,10:53 PM,3:53 AM,
7,4,2021-12-28,12:21 AM,5:21 AM,
8,69,2021-08-06,4:47 AM,9:47 AM,Finish again administration range along thought most trade.
9,5,2021-09-03,7:23 AM,12:23 PM,Three program expert million same yeah positive.
10,68,2022-02-19,10:30 AM,3:30 PM,Service actually add city loss address activity management.
11,63,2023-11-05,9:16 PM,2:16 AM,
12,5,2021-08-01,1:57 AM,6:57 AM,Read million story particularly nature.
13,1,2021-09-02,3:26 AM,8:26 AM,Future number respond instead draw report less.
14,67,2022-06-05,9:32 PM,2:32 AM,
15,14,2022-12-31,3:00 AM,8:00 AM,
16,77,2023-10-11,10:26 PM,3:26 AM,
17,77,2023-05-10,11:24 PM,4:24 AM,
18,37,2022-02-22,11:50 AM,4:50 PM,Find thank pretty world.
19,80,2023-05-06,7:03 AM,12:03 PM,
20,20,2022-02-18,3:54 PM,8:54 PM,
21,14,2023-05-03,9:28 PM,2:28 AM,Reality keep research dog.
22,73,2021-09-25,8:32 PM,1:32 AM,
23,3,2023-10-05,5:19 AM,10:19 AM,
24,65,2021-08-08,9:14 PM,2:14 AM,
25,68,2021-07-19,1:59 AM,6:59 AM,
26,23,2022-11-01,8:07 AM,1:07 PM,Expert store my never success agree.
27,9,2022-02-09,10:49 PM,3:49 AM,
28,61,2021-03-07,11:35 PM,4:35 AM,
29,74,2022-02-24,1:45 AM,6:45 AM,
30,17,2022-05-10,9:56 AM,2:56 PM,Positive school firm.
31,70,2021-04-02,1:23 AM,6:23 AM,
32,85,2021-09-19,12:17 PM,5:17 PM,Member surface citizen though central crime approach.
33,30,2023-09-22,5:11 AM,10:11 AM,Several defense you expect bed.
34,51,2021-06-13,5:54 AM,10:54 AM,Television notice read.
35,31,2021-06-15,5:53 AM,10:53 AM,
36,67,2022-03-13,6:34 PM,11:34 PM,Reality eight improve class born management.
37,86,2021-06-25,7:59 PM,12:59 AM,Throughout traditional radio beat which.
38,95,2021-06-25,2:10 AM,7:10 AM,
39,97,2021-04-19,10:25 PM,3:25 AM,
40,62,2021-08-24,12:04 AM,5:04 AM,Trade benefit draw.
41,69,2022-09-04,2:11 PM,7:11 PM,Then sing meeting sport allow.
42,3,2023-11-03,12:40 PM,5:40 PM,
43,57,2021-03-01,12:28 PM,5:28 PM,
44,93,2022-09-23,11:40 AM,4:40 PM,
45,71,2021-12-19,5:07 AM,10:07 AM,Evening sign market machine most where quite expect.
46,100,2022-11-24,9:38 AM,2:38 PM,Poor admit both building.
47,25,2022-10-13,1:27 AM,6:27 AM,Service share set main road away.
48,5,2023-03-17,12:44 PM,5:44 PM,Shoulder cut her so debate beat.
49,83,2022-05-09,1:11 PM,6:11 PM,
50,3,2022-12-21,4:25 AM,9:25 AM,
51,65,2021-01-08,7:50 AM,12:50 PM,Direction last like college left expert air.
52,49,2023-12-01,2:47 AM,7:47 AM,
53,21,2021-06-18,2:28 PM,7:28 PM,
54,57,2023-10-29,8:18 AM,1:18 PM,Close move small page.
55,11,2023-06-23,4:15 PM,9:15 PM,Option factor degree middle.
56,49,2023-02-18,11:15 AM,4:15 PM,Agreement product buy science majority voice away.
57,26,2022-08-31,3:14 PM,8:14 PM,Throw mind reach agency now decide environment.
58,32,2021-11-29,7:36 PM,12:36 AM,
59,36,2021-10-08,7:27 AM,12:27 PM,
60,17,2022-12-29,11:59 AM,4:59 PM,Author water notice religious look reason.
61,55,2022-02-10,3:59 PM,8:59 PM,
62,64,2022-09-24,10:35 PM,3:35 AM,
63,66,2021-10-20,2:40 AM,7:40 AM,
64,88,2023-12-05,8:31 PM,1:31 AM,Point whole something money hand hot beautiful.
65,20,2021-01-27,8:02 PM,1:02 AM,Daughter else summer best night dog man million.
66,14,2023-08-20,1:19 AM,6:19 AM,Worry job meet sign.
67,47,2023-09-18,9:41 PM,2:41 AM,Usually apply book.
68,14,2021-12-20,2:30 AM,7:30 AM,
69,31,2021-12-30,5:36 PM,10:36 PM,
70,20,2023-11-26,11:56 PM,4:56 AM,
71,92,2023-06-12,9:34 PM,2:34 AM,
72,90,2023-07-11,9:11 AM,2:11 PM,
73,72,2021-05-26,5:58 AM,10:58 AM,
74,7,2021-11-28,4:16 PM,9:16 PM,Practice accept picture sister family.
75,35,2021-01-20,7:51 AM,12:51 PM,
76,33,2023-08-16,7:14 PM,12:14 AM,Whom discuss walk likely around.
77,88,2023-08-31,1:56 AM,6:56 AM,Happy these skin determine performance try affect.
78,35,2023-03-13,11:30 PM,4:30 AM,
79,48,2023-08-11,12:21 PM,5:21 PM,Sign card mother term almost his continue miss.
80,24,2021-01-12,10:31 PM,3:31 AM,Media executive method in us shake within season.